env_label,dataset,lib,crossover_batch,ratio_at_max,ci_lo,ci_hi,max_batch
A,Breast Cancer,LightGBM,inf,1.0016305821673546,0.8110205380047937,1.4776448712533623,2048
A,Breast Cancer,XGBoost,32.0,2.9004717747347284,1.6986590787212001,3.024732211761735,2048
A,Breast Cancer,CatBoost,8.0,25.1588032342518,10.027356632081498,39.84866726289363,2048
A,California Housing,LightGBM,inf,0.2362533493850884,0.2334446649680628,0.23850552436322459,2048
A,California Housing,XGBoost,512.0,1.2650620741768779,1.2279290452014615,1.2848599801698763,2048
A,California Housing,CatBoost,8.0,28.377133571641718,12.612024715229069,28.693941361468298,2048
A,Covertype,LightGBM,inf,0.35697957113743667,0.3494183857971125,0.35941366483660603,2048
A,Covertype,XGBoost,512.0,1.7034586864476216,1.6796682774710254,1.7320716295012286,2048
A,Covertype,CatBoost,16.0,9.801885445577014,5.196820076875461,11.239403168252533,2048
B,Breast Cancer,LightGBM,inf,0.9779402074547451,0.9433477358521016,1.4566157157161272,2048
B,Breast Cancer,XGBoost,64.0,2.881291101720617,2.4393627073624784,2.953553160726881,2048
B,Breast Cancer,CatBoost,8.0,24.66602448473859,10.163524441777318,25.195843019962467,2048
B,California Housing,LightGBM,inf,0.23464196812779312,0.2328545959546342,0.2393645124773219,2048
B,California Housing,XGBoost,2048.0,1.1180511192794393,1.0933956272686343,1.139531690243599,2048
B,California Housing,CatBoost,16.0,27.42688200540852,11.352484261459487,27.894872617760235,2048
B,Covertype,LightGBM,inf,0.37507879672338607,0.3666898715140428,0.3781227970999101,2048
B,Covertype,XGBoost,1024.0,1.6563888877381734,1.6402475261520564,1.6915185954160725,2048
B,Covertype,CatBoost,16.0,9.4708693328174,4.600097771481919,9.942696891900505,2048
