env_label,dataset,lib,batch,ratio_lo,ratio,ratio_hi,onnx_slower
A,breast,lgb,1,0.24959446872299032,0.4053310548669138,0.42500050402266876,False
A,breast,lgb,2,0.5772776788456331,1.3825593767216346,1.5388528856997146,False
A,breast,lgb,4,0.7972557061906849,1.4605371254672674,1.4912811123881295,False
A,breast,lgb,8,0.9284600683045753,1.2601669884048132,1.3100297096171658,False
A,breast,lgb,16,0.9302557167228342,1.4006809694548006,1.5172846486488196,False
A,breast,lgb,32,1.095955721762657,1.5359899099841874,1.780279649188401,True
A,breast,lgb,64,0.9819363377451571,1.4366796288635866,1.4749680537705288,False
A,breast,lgb,128,0.7570724083180913,0.9906792352775,0.9989840772280196,False
A,breast,lgb,256,0.7960338124727999,0.9840901712827701,0.9924330041541852,False
A,breast,lgb,512,0.7903602245117992,0.991892510445067,1.5685337282805347,False
A,breast,lgb,1024,0.8003498746827274,0.9860990304287386,1.520213731479402,False
A,breast,lgb,2048,0.8110205380047937,1.0016305821673546,1.4776448712533623,False
A,breast,xgb,1,0.08260875153674126,0.09526564506413122,0.17972560786719444,False
A,breast,xgb,2,0.11028726463277583,0.16443604684033827,0.2984226175560036,False
A,breast,xgb,4,0.2928698961165076,0.29647306469048607,0.3574073658194794,False
A,breast,xgb,8,0.3639278940369783,0.5161894215710665,0.9199187337356087,False
A,breast,xgb,16,0.5977721785210464,0.8976614997633696,1.0089588359401056,False
A,breast,xgb,32,1.349918667310061,2.3198500537542315,2.6090336954107407,True
A,breast,xgb,64,1.2359264388682125,2.164515993531386,3.257329882824372,True
A,breast,xgb,128,1.3480894024830565,2.256517131935241,2.2845197636067076,True
A,breast,xgb,256,1.4950505713480966,2.4569126252222,2.4804821928270315,True
A,breast,xgb,512,1.5499407584044687,2.6344751879656805,4.851238309541767,True
A,breast,xgb,1024,1.6121816279298928,2.7810192372390308,4.831531297450164,True
A,breast,xgb,2048,1.6986590787212001,2.9004717747347284,3.024732211761735,True
A,breast,cat,1,0.7556636386543154,0.8399417996670617,0.9714637479562573,False
A,breast,cat,2,0.748395238263817,0.8005379536620797,0.845875385834186,False
A,breast,cat,4,0.8718647791848672,0.942463808996859,0.9661616471287775,False
A,breast,cat,8,1.1104380091484303,1.2087224043133717,1.7935209944767054,True
A,breast,cat,16,2.334407093750983,3.632111253365319,3.928969004113204,True
A,breast,cat,32,3.3353213913609983,3.79220291251918,4.2002740723934995,True
A,breast,cat,64,5.49331234332428,5.705928706388866,6.050722136577888,True
A,breast,cat,128,9.312933503132248,10.095978163548368,16.369020000380395,True
A,breast,cat,256,9.897903985537795,14.290550724417182,25.051015220969568,True
A,breast,cat,512,12.1039222958731,18.387229968434024,30.491197008779103,True
A,breast,cat,1024,8.53858753358966,22.629762528439322,23.387760965289623,True
A,breast,cat,2048,10.027356632081498,25.1588032342518,39.84866726289363,True
A,calif,lgb,1,0.3993269439897319,0.5252585061565886,0.644512877826866,False
A,calif,lgb,2,0.33083581428702186,0.41150171064697066,0.4725790183906234,False
A,calif,lgb,4,0.31798718933731207,0.3890874042997989,0.40272920430871223,False
A,calif,lgb,8,0.25415578633656905,0.3384237801832172,0.37241868928933203,False
A,calif,lgb,16,0.24171514460498256,0.2877291357606506,0.30457300069657495,False
A,calif,lgb,32,0.2238390394884735,0.27722990225309563,0.40127348627234044,False
A,calif,lgb,64,0.2365503104846753,0.3361367302942159,0.3492564537808921,False
A,calif,lgb,128,0.19640414915129256,0.22800568139861074,0.23414287065377973,False
A,calif,lgb,256,0.1988236291151432,0.2362671779487733,0.3340460487019098,False
A,calif,lgb,512,0.22994550614649786,0.23336131679008532,0.32652590487610716,False
A,calif,lgb,1024,0.22812484919148338,0.230394774656418,0.24376768955835834,False
A,calif,lgb,2048,0.2334446649680628,0.2362533493850884,0.23850552436322459,False
A,calif,xgb,1,0.18524535015992727,0.28225360682709627,0.30057672784789136,False
A,calif,xgb,2,0.08683963030151691,0.1435695966868208,0.14930048159921666,False
A,calif,xgb,4,0.19667055176125464,0.20331678519530658,0.2577486322249044,False
A,calif,xgb,8,0.20480898959579796,0.38499427720411616,0.40560473267610475,False
A,calif,xgb,16,0.30464746983413926,0.41733236359305853,0.454732515807784,False
A,calif,xgb,32,0.4248967168418917,0.6193458073640485,0.6761163329373115,False
A,calif,xgb,64,0.7758094241602248,0.8302392781070846,1.1226409809438989,False
A,calif,xgb,128,0.5799088422464749,1.008386376479918,1.3192219224549488,False
A,calif,xgb,256,0.6884663623251652,1.1385890518314339,1.4839106813495668,False
A,calif,xgb,512,1.1481748045967342,1.191253522573657,1.5812186161623785,True
A,calif,xgb,1024,1.2219285974543808,1.5643258481168876,1.6292007782959341,True
A,calif,xgb,2048,1.2279290452014615,1.2650620741768779,1.2848599801698763,True
A,calif,cat,1,0.40315795648271696,0.4602191797952958,0.48225623514812244,False
A,calif,cat,2,0.5596589998486526,0.5771337321993134,0.5895161300464501,False
A,calif,cat,4,0.6913657748099791,0.7365951919048279,0.8153440803842713,False
A,calif,cat,8,1.102172168740159,1.1962432496765767,1.2592592576673924,True
A,calif,cat,16,1.3686282541749313,1.91640444913705,1.9486052948930261,True
A,calif,cat,32,2.7569800214661235,3.0039592016692347,3.119523736488618,True
A,calif,cat,64,4.930983248820646,5.227443646003998,6.69882691780849,True
A,calif,cat,128,7.345886173072931,7.704188100794791,9.724480239864237,True
A,calif,cat,256,6.217221232842579,13.62641914925781,16.798834307708052,True
A,calif,cat,512,7.4667470447927595,19.348729621084058,24.20404101292079,True
A,calif,cat,1024,9.854398604302117,23.90900015153204,26.40447052285299,True
A,calif,cat,2048,12.612024715229069,28.377133571641718,28.693941361468298,True
A,covtype,lgb,1,0.6850967771410478,0.8131573504286314,1.0145206667701983,False
A,covtype,lgb,2,0.6257687041557314,0.7662398556276987,0.9176865812232435,False
A,covtype,lgb,4,0.5243805346072689,0.6046631855112268,0.6311365408764715,False
A,covtype,lgb,8,0.4310431047346813,0.5062899008379033,0.6986829892668673,False
A,covtype,lgb,16,0.42550994217031773,0.6160366773280324,0.6927140387950095,False
A,covtype,lgb,32,0.3480953196734587,0.39874650678576795,0.416819724377686,False
A,covtype,lgb,64,0.32420832071183664,0.38077445674520793,0.5686999184898485,False
A,covtype,lgb,128,0.30276854591254077,0.33948306107569337,0.5253407228450795,False
A,covtype,lgb,256,0.33725987833089405,0.3459414835277508,0.5123914211872687,False
A,covtype,lgb,512,0.3446038657845523,0.35024051358529956,0.3853595148123135,False
A,covtype,lgb,1024,0.3456476777062898,0.3488017197769576,0.3597720595375962,False
A,covtype,lgb,2048,0.3494183857971125,0.35697957113743667,0.35941366483660603,False
A,covtype,xgb,1,0.23772443500577575,0.34824444537398414,0.47680752786094877,False
A,covtype,xgb,2,0.10972806703802201,0.15735098013475496,0.17204355040294705,False
A,covtype,xgb,4,0.16127282073248148,0.24526206808742895,0.26036006990381816,False
A,covtype,xgb,8,0.3645059137307312,0.4045504812244194,0.42181298359035685,False
A,covtype,xgb,16,0.5881549091453844,0.9027545085441036,0.9872866014351808,False
A,covtype,xgb,32,0.5403473732878549,0.8871791511555637,0.9982881421486296,False
A,covtype,xgb,64,0.7408443433420968,1.2289872658692533,1.8040076160401937,False
A,covtype,xgb,128,1.2604749682639116,1.3731072727187064,1.3947549897636833,True
A,covtype,xgb,256,0.8907289234933925,1.561862791722171,2.28856183536395,False
A,covtype,xgb,512,1.571615497843512,1.6366127219214146,1.7325162899204043,True
A,covtype,xgb,1024,1.6252053041518035,1.676405017840123,1.7223193925205371,True
A,covtype,xgb,2048,1.6796682774710254,1.7034586864476216,1.7320716295012286,True
A,covtype,cat,1,0.12667923903276945,0.15790784649980086,0.37502486585489403,False
A,covtype,cat,2,0.2586167116627408,0.2890179968743907,0.31859601880626165,False
A,covtype,cat,4,0.4322203463950838,0.5046806248708395,0.7307886388589917,False
A,covtype,cat,8,0.6315144953937317,0.7227708460745168,1.058588254560702,False
A,covtype,cat,16,1.509759641608905,1.6501355775746545,1.753567990614774,True
A,covtype,cat,32,1.7189554895862034,1.796066068722121,2.7654008916298816,True
A,covtype,cat,64,2.3697890620105,2.5922964768280394,2.637379655471097,True
A,covtype,cat,128,3.2783105035777638,3.4815503913816412,3.6101301614968326,True
A,covtype,cat,256,4.405502122901908,5.107748273652479,8.411634919902884,True
A,covtype,cat,512,3.3769222719385437,7.532584946024758,11.795023644179771,True
A,covtype,cat,1024,3.396296152998554,8.642718866691055,13.628137199190933,True
A,covtype,cat,2048,5.196820076875461,9.801885445577014,11.239403168252533,True
B,breast,lgb,1,0.4752303019142049,0.7127974183418734,0.7335911496753237,False
B,breast,lgb,2,0.8084157135216501,1.2869492326658099,1.490864894899634,False
B,breast,lgb,4,0.7908370439707644,1.2013708785042225,1.586566621208096,False
B,breast,lgb,8,0.8039535620318833,1.145495111181449,1.5552756412981639,False
B,breast,lgb,16,0.7536678382726903,1.059592407802225,1.4278050864878078,False
B,breast,lgb,32,0.7959522568530961,1.0097814064537536,1.0860617566048216,False
B,breast,lgb,64,0.7838552075455354,0.9899862020961335,1.0072251310986642,False
B,breast,lgb,128,0.7363590508561462,0.9857394080914329,1.0035150115582612,False
B,breast,lgb,256,0.9653932250004416,1.4713382941714246,1.5270541280251226,False
B,breast,lgb,512,0.766031675026617,0.9753535660368372,1.5581281117302814,False
B,breast,lgb,1024,0.8007133411333851,0.9860877941165129,1.5341910822727358,False
B,breast,lgb,2048,0.9433477358521016,0.9779402074547451,1.4566157157161272,False
B,breast,xgb,1,0.0730884166387409,0.09997120425177311,0.18620168469251627,False
B,breast,xgb,2,0.15973828628831738,0.1633942616780624,0.17059154974988192,False
B,breast,xgb,4,0.2113752252568165,0.288839158819094,0.30808182343032586,False
B,breast,xgb,8,0.34948598492122496,0.5143937579630997,0.5252283605521567,False
B,breast,xgb,16,0.8442098986750478,0.899263036397556,0.9138178208127419,False
B,breast,xgb,32,0.842579626172261,1.2855712404268862,1.3375978067883854,False
B,breast,xgb,64,1.8453012362194208,3.4065958562084915,3.7162578496850434,True
B,breast,xgb,128,2.170812888926605,2.2047720907481043,4.020581211702778,True
B,breast,xgb,256,1.4612524021574875,2.3975523468335234,2.405259704041442,True
B,breast,xgb,512,1.5584891853020078,2.620288985403464,4.754699589516041,True
B,breast,xgb,1024,1.6311459888270037,2.8140513435566734,2.836181329199709,True
B,breast,xgb,2048,2.4393627073624784,2.881291101720617,2.953553160726881,True
B,breast,cat,1,0.7618413864600886,0.9221253760884002,1.0272044529514888,False
B,breast,cat,2,0.7321885503251557,0.7781118164655185,0.8104504452294864,False
B,breast,cat,4,0.8220678959861311,0.8654112508879089,0.8925957866503097,False
B,breast,cat,8,1.1117384734749811,1.1622224981514049,1.195578054437814,True
B,breast,cat,16,2.460194605061333,4.365202574975187,4.581444447917991,True
B,breast,cat,32,3.544942351887834,3.8656866771326737,4.0202955535184035,True
B,breast,cat,64,5.975707833300839,6.582558507542756,6.720716816316158,True
B,breast,cat,128,9.078909938391567,9.250047651088583,16.575576236483517,True
B,breast,cat,256,6.88100596337964,14.760715694568463,25.523320783395395,True
B,breast,cat,512,7.378440691726822,18.547616736616078,31.93075133163607,True
B,breast,cat,1024,8.360955271806171,21.576212607145692,22.187006959489025,True
B,breast,cat,2048,10.163524441777318,24.66602448473859,25.195843019962467,True
B,calif,lgb,1,0.3486824496025306,0.41078798358226964,0.42900352273102227,False
B,calif,lgb,2,0.35063939206703865,0.4219946006073254,0.4416201386560877,False
B,calif,lgb,4,0.3842058622809385,0.5034470431935565,0.5364504785580714,False
B,calif,lgb,8,0.34424332797389706,0.44508883813088423,0.5391426021684599,False
B,calif,lgb,16,0.24116096226230632,0.30227829873536427,0.3191810450775304,False
B,calif,lgb,32,0.24911980017708862,0.2922754587864118,0.3002633872492715,False
B,calif,lgb,64,0.2572164448015277,0.2648024061331107,0.27332975790471153,False
B,calif,lgb,128,0.20445393755366595,0.2907986777357342,0.3314084564273235,False
B,calif,lgb,256,0.2070315307470303,0.2364846345768909,0.33257462815555133,False
B,calif,lgb,512,0.22985178716114749,0.24182378399189766,0.3115393719846934,False
B,calif,lgb,1024,0.22275640613723227,0.2320596451865668,0.3142728577815743,False
B,calif,lgb,2048,0.2328545959546342,0.23464196812779312,0.2393645124773219,False
B,calif,xgb,1,0.26162425298135855,0.2783980972481726,0.28947785573633805,False
B,calif,xgb,2,0.07728089393563463,0.11597366431217691,0.15061508177420999,False
B,calif,xgb,4,0.11059089102437186,0.15357326853576667,0.1741636699787472,False
B,calif,xgb,8,0.13478012618796587,0.2261045688586679,0.2710959047628783,False
B,calif,xgb,16,0.23092551682321685,0.3276779060848062,0.36150822264547794,False
B,calif,xgb,32,0.455003286068164,0.646423776677649,0.7316187454531029,False
B,calif,xgb,64,0.4879794324194978,0.7166601388398184,0.9349959426208589,False
B,calif,xgb,128,0.5219004724763058,0.7924803516773485,0.8118643271978818,False
B,calif,xgb,256,0.6120111302135771,0.9348782515092399,1.2243245684287472,False
B,calif,xgb,512,0.6569615835252994,1.0370682650016407,1.3345780751002316,False
B,calif,xgb,1024,0.9795834621325291,1.0832434644432192,1.3699805310244941,False
B,calif,xgb,2048,1.0933956272686343,1.1180511192794393,1.139531690243599,True
B,calif,cat,1,0.4012811448901949,0.4367337715802183,0.48861623818461286,False
B,calif,cat,2,0.5371590524887664,0.5604762952541021,0.5824992473416203,False
B,calif,cat,4,0.95990953906115,1.0165812419179885,1.100180890473985,False
B,calif,cat,8,0.9886873553262565,1.0925174404446125,1.2884380356354284,False
B,calif,cat,16,2.0955020861741986,2.254764110647904,2.5084681244936218,True
B,calif,cat,32,3.406499860059762,3.4984666045814974,4.362235305962033,True
B,calif,cat,64,4.921586992859527,5.164348071679246,6.548878932588382,True
B,calif,cat,128,6.935912063647641,7.334323559836306,7.69469052868697,True
B,calif,cat,256,6.242412262679259,12.754298861181207,15.771441970069496,True
B,calif,cat,512,7.908963582692609,18.26418389810848,22.564000070720088,True
B,calif,cat,1024,11.432526632852994,22.98547061390383,25.306680184677464,True
B,calif,cat,2048,11.352484261459487,27.42688200540852,27.894872617760235,True
B,covtype,lgb,1,0.7366313802708906,0.9586814941920252,0.998098784087738,False
B,covtype,lgb,2,0.6296373687804632,0.8562757683546277,0.9885951709471079,False
B,covtype,lgb,4,0.4771205715521599,0.5693420128110575,0.5756970213874187,False
B,covtype,lgb,8,0.47169918410030426,0.5299274783508786,0.5495246388122265,False
B,covtype,lgb,16,0.4163238068387676,0.6340016832792962,0.7408904588253552,False
B,covtype,lgb,32,0.36070417045141623,0.42888640919607873,0.6074370052143205,False
B,covtype,lgb,64,0.32207409725512254,0.3821276568947614,0.591101897144301,False
B,covtype,lgb,128,0.2921754992295137,0.32204922166511457,0.485607397833976,False
B,covtype,lgb,256,0.34374309593963104,0.3482952244097778,0.3569323100995628,False
B,covtype,lgb,512,0.3259118082995678,0.35510485072921055,0.3778222279663212,False
B,covtype,lgb,1024,0.36369926994149054,0.3662923417891118,0.37782754967769266,False
B,covtype,lgb,2048,0.3666898715140428,0.37507879672338607,0.3781227970999101,False
B,covtype,xgb,1,0.09290869917286526,0.1756513262499969,0.2534398250100436,False
B,covtype,xgb,2,0.08642520309020175,0.12033956423600371,0.12746960496315565,False
B,covtype,xgb,4,0.18136078367909775,0.261852626826424,0.30499060996245253,False
B,covtype,xgb,8,0.2130681493857951,0.3299231781886657,0.4993349998591734,False
B,covtype,xgb,16,0.3781696845478382,0.525396189699973,0.5493430122568146,False
B,covtype,xgb,32,0.5161225748725401,0.7773667934543832,1.11238021021264,False
B,covtype,xgb,64,0.7078122290663685,1.0810958070749048,1.6419963619819227,False
B,covtype,xgb,128,0.791777769678847,1.2260810926820902,1.8270346051150512,False
B,covtype,xgb,256,0.8822330165659462,1.434429874155965,1.8787102147330352,False
B,covtype,xgb,512,0.9559045769121276,0.9975519025013233,1.6129362983472755,False
B,covtype,xgb,1024,1.6083188937858646,1.6231624278529342,1.646785922558419,True
B,covtype,xgb,2048,1.6402475261520564,1.6563888877381734,1.6915185954160725,True
B,covtype,cat,1,0.1268916033689522,0.1378018790246009,0.17377911498480003,False
B,covtype,cat,2,0.2724768809423964,0.4003533787833669,0.4393623011470083,False
B,covtype,cat,4,0.4908094344226091,0.6979497009412209,0.754407270192672,False
B,covtype,cat,8,0.6446865472765339,0.7034185760053507,0.7147216737158683,False
B,covtype,cat,16,1.1034048806751708,1.1490380764460257,1.2869394151660891,True
B,covtype,cat,32,1.6156336412580028,1.790329292397374,1.8245213215332645,True
B,covtype,cat,64,2.656877012051941,2.8196083064608484,2.999825002764185,True
B,covtype,cat,128,3.834932211819347,5.833884697276034,6.15066066804103,True
B,covtype,cat,256,3.616275668993649,4.985250262230777,5.177205959269783,True
B,covtype,cat,512,3.6554846055976142,7.7027603556939335,11.78901666922322,True
B,covtype,cat,1024,4.142901944658613,8.782793093516368,13.353933097371954,True
B,covtype,cat,2048,4.600097771481919,9.4708693328174,9.942696891900505,True
