library,format,interpreter_ms,numpy_ms,import_ms,load_ms,first_pred_ms,total_ms,import_share_pct
LightGBM,pickle,43.8,79.3,1980.3,12.1,4.4,2119.9,93.4
LightGBM,joblib,43.8,75.1,1965.9,12.5,4.3,2101.6,93.5
LightGBM,native,43.8,76.4,1962.6,28.7,0.5,2111.9,92.9
LightGBM,ONNX,43.8,74.2,41.3,25.4,0.6,185.2,22.3
XGBoost,pickle,43.8,77.1,1084.4,21.7,2.2,1229.3,88.2
XGBoost,joblib,43.8,75.1,1079.3,21.0,2.2,1221.2,88.4
XGBoost,native,43.8,77.5,1102.4,22.2,2.7,1248.5,88.3
XGBoost,ONNX,43.8,76.5,44.8,30.4,0.6,196.1,22.8
CatBoost,pickle,43.8,77.2,1626.8,2.1,4.2,1754.0,92.7
CatBoost,joblib,43.8,76.7,1611.3,1.9,4.1,1737.7,92.7
CatBoost,native,43.8,75.8,1633.4,3.4,3.9,1760.3,92.8
CatBoost,ONNX,43.8,93.3,53.1,70.0,0.8,260.9,20.3
